{
    "map_name": "benchmark_maps/ryu.png",
    "grid_size": 1.0,
    "base_size": [
        10,
        20
    ],
    "safety_margin": 5,
    "distance_threshold": 30,
    "min_contour_area": 1600,
    "min_corridor_width": 20,
    "max_rectangle_to_line_width": 55,
    "max_attempts_to_connect_points_straight": 3,
    "max_distance_to_connect_points": 200,
    "safety_distance": 10,
    "room_name": "room_11",
    "room_id": 11,
    "num_nodes": 45,
    "ILIR_path_length": 1418.7005772917119,
    "ILIR_avg_line_length": 41.72648756740329,
    "num_bridge_points": 12,
    "num_random_points": 10,
    "num_paths": 231,
    "AStar": {
        "heuristic": "euclidean",
        "w": 0.5,
        "max_iterations": 100000,
        "smoothing_iterations": 50,
        "smoothing_max_k": 20,
        "smoothing_epsilon": 0.5,
        "smoothing_variance_window": 10,
        "smoothing_min_variance": 0.0,
        "success_rate": 1.0,
        "planning_time": {
            "mean": 3.113539033121877,
            "std": 3.015944912529897,
            "min": 0.010644912719726562,
            "max": 15.219647645950317
        },
        "path_length": {
            "mean": 245.62628760357745,
            "std": 151.50099145597432,
            "min": 2.8284271247461903,
            "max": 659.3822247847186
        },
        "num_turns": {
            "mean": 2.5714285714285716,
            "std": 2.328601970426215,
            "min": 0,
            "max": 13
        },
        "cumulative_turning_angle": {
            "mean": 72.75920682447901,
            "std": 68.5951485203025,
            "min": 0.0,
            "max": 430.5166985917816
        },
        "smoothness": {
            "mean": 0.3225112052402609,
            "std": 0.3057573806459227,
            "min": 0.0,
            "max": 1.6657777380742493
        },
        "obstacle_clearance": {
            "mean": 23.831209826779055,
            "std": 6.017695528409043,
            "min": 12.972920417785645,
            "max": 41.144935607910156
        },
        "obstacle_clearance_min": 11.0,
        "disturbance": 0.8705914313565687
    },
    "ILIR": {
        "smoothing_iterations": 50,
        "smoothing_max_k": 20,
        "smoothing_epsilon": 0.5,
        "smoothing_variance_window": 10,
        "smoothing_min_variance": 0.0,
        "success_rate": 1.0,
        "planning_time": {
            "mean": 0.18714375929398971,
            "std": 0.41431226499510343,
            "min": 0.14861178398132324,
            "max": 6.47014307975769
        },
        "path_length": {
            "mean": 297.11345381625864,
            "std": 158.42521626809918,
            "min": 2.8284271247461903,
            "max": 712.8488578017962
        },
        "num_turns": {
            "mean": 2.83982683982684,
            "std": 1.0590234680809911,
            "min": 0,
            "max": 6
        },
        "cumulative_turning_angle": {
            "mean": 244.98099662936374,
            "std": 85.1432392280447,
            "min": 0.0,
            "max": 495.0
        },
        "smoothness": {
            "mean": 1.1333788960278983,
            "std": 0.8249663665311732,
            "min": 0.0,
            "max": 4.615384615384615
        },
        "obstacle_clearance": {
            "mean": 35.754536145693294,
            "std": 4.229387815853903,
            "min": 18.708234786987305,
            "max": 42.29588317871094
        },
        "obstacle_clearance_min": 11.393798828125,
        "disturbance": 0.8106972210236988
    },
    "PRM": {
        "radius": 50,
        "numNodes": 300,
        "smoothing_iterations": 50,
        "smoothing_max_k": 20,
        "smoothing_epsilon": 0.5,
        "smoothing_variance_window": 10,
        "smoothing_min_variance": 0.0,
        "success_rate": 0.8961038961038961,
        "planning_time": {
            "mean": 1.0877670581206615,
            "std": 0.03524124515322193,
            "min": 1.0042552947998047,
            "max": 1.2156577110290527
        },
        "path_length": {
            "mean": 266.4404759398631,
            "std": 160.58806984828746,
            "min": 2.8284271247461903,
            "max": 690.6888003313578
        },
        "num_turns": {
            "mean": 1.251207729468599,
            "std": 0.999848293003684,
            "min": 0,
            "max": 4
        },
        "cumulative_turning_angle": {
            "mean": 94.48114321270776,
            "std": 75.61576044681101,
            "min": 0.0,
            "max": 295.09376928781086
        },
        "smoothness": {
            "mean": 0.3752565991161841,
            "std": 0.328085631871237,
            "min": 0.0,
            "max": 1.486595585179602
        },
        "obstacle_clearance": {
            "mean": 28.528557358156657,
            "std": 4.99637305720103,
            "min": 16.54408073425293,
            "max": 41.144935607910156
        },
        "obstacle_clearance_min": 11.0,
        "disturbance": 0.9081771257810378
    },
    "RRT": {
        "numberOfGeneratedNodes": 300,
        "testGoalAfterNumberOfNodes": 10,
        "smoothing_iterations": 50,
        "smoothing_max_k": 20,
        "smoothing_epsilon": 0.5,
        "smoothing_variance_window": 10,
        "smoothing_min_variance": 0.0,
        "success_rate": 0.9653679653679653,
        "planning_time": {
            "mean": 0.0958321156439843,
            "std": 0.09650222018959384,
            "min": 0.007972240447998047,
            "max": 0.48078370094299316
        },
        "path_length": {
            "mean": 264.949427747605,
            "std": 157.70708536216608,
            "min": 2.8284271247461903,
            "max": 664.7944149391751
        },
        "num_turns": {
            "mean": 1.2331838565022422,
            "std": 0.9227431308220603,
            "min": 0,
            "max": 4
        },
        "cumulative_turning_angle": {
            "mean": 87.60343685792938,
            "std": 68.40475341290005,
            "min": 0.0,
            "max": 280.40312750210154
        },
        "smoothness": {
            "mean": 0.353871864609809,
            "std": 0.3002045243445244,
            "min": 0.0,
            "max": 1.3942647390195115
        },
        "obstacle_clearance": {
            "mean": 28.50002121176955,
            "std": 4.886158211300702,
            "min": 16.646039962768555,
            "max": 41.144935607910156
        },
        "obstacle_clearance_min": 11.393798828125,
        "disturbance": 0.8716301516531633
    }
}