{
    "map_name": "benchmark_maps/ryu.png",
    "grid_size": 1.0,
    "base_size": [
        10,
        20
    ],
    "safety_margin": 5,
    "distance_threshold": 30,
    "min_contour_area": 1600,
    "min_corridor_width": 20,
    "max_rectangle_to_line_width": 55,
    "max_attempts_to_connect_bridge_point_straight": 3,
    "safety_distance": 10,
    "room_name": "room_11",
    "room_id": 11,
    "num_nodes": 44,
    "ILIR_path_length": 1418.700577291712,
    "ILIR_avg_line_length": 41.7264875674033,
    "num_bridge_points": 12,
    "num_random_points": 10,
    "num_paths": 231,
    "AStar": {
        "heuristic": "euclidean",
        "w": 0.5,
        "success_rate": 1.0,
        "planning_time": {
            "mean": 2.6666389822443843,
            "std": 2.5806870934551887,
            "min": 0.01605534553527832,
            "max": 14.631829261779785
        },
        "path_length": {
            "mean": 276.35064935064935,
            "std": 159.95903963530856,
            "min": 4.0,
            "max": 700.0
        },
        "num_turns": {
            "mean": 63.324675324675326,
            "std": 44.34265676873873,
            "min": 0,
            "max": 182
        },
        "cumulative_turning_angle": {
            "mean": 5699.220779220779,
            "std": 3990.8391091864855,
            "min": 0.0,
            "max": 16380.0
        },
        "smoothness": {
            "mean": 25.185774918210722,
            "std": 19.270187183329117,
            "min": 0.0,
            "max": 87.6923076923077
        },
        "obstacle_clearance": {
            "mean": 21.606759310800793,
            "std": 7.46332827311715,
            "min": 12.318113327026367,
            "max": 40.5916862487793
        },
        "obstacle_clearance_min": 11.0,
        "disturbance": 0.8931556322610543
    },
    "ILIR": {
        "success_rate": 1.0,
        "planning_time": {
            "mean": 0.15987546103341238,
            "std": 0.003278062873744805,
            "min": 0.1540358066558838,
            "max": 0.18269038200378418
        },
        "path_length": {
            "mean": 297.11345381625864,
            "std": 158.42521626809918,
            "min": 2.8284271247461903,
            "max": 712.8488578017962
        },
        "num_turns": {
            "mean": 2.83982683982684,
            "std": 1.0590234680809911,
            "min": 0,
            "max": 6
        },
        "cumulative_turning_angle": {
            "mean": 244.98099662936374,
            "std": 85.1432392280447,
            "min": 0.0,
            "max": 495.0
        },
        "smoothness": {
            "mean": 1.1333788960278983,
            "std": 0.8249663665311732,
            "min": 0.0,
            "max": 4.615384615384615
        },
        "obstacle_clearance": {
            "mean": 35.754536145693294,
            "std": 4.229387815853903,
            "min": 18.708234786987305,
            "max": 42.29588317871094
        },
        "obstacle_clearance_min": 11.393798828125,
        "disturbance": 0.8106972210236988
    },
    "PRM": {
        "radius": 50,
        "numNodes": 300,
        "success_rate": 0.8831168831168831,
        "planning_time": {
            "mean": 1.069045606629673,
            "std": 0.02610453437779417,
            "min": 1.0104608535766602,
            "max": 1.149498462677002
        },
        "path_length": {
            "mean": 367.04654937855975,
            "std": 206.65186544462586,
            "min": 43.00837175223887,
            "max": 858.1872613619059
        },
        "num_turns": {
            "mean": 9.602941176470589,
            "std": 5.760258638704957,
            "min": 1,
            "max": 23
        },
        "cumulative_turning_angle": {
            "mean": 575.9852989436716,
            "std": 347.9992235703028,
            "min": 4.958557002624963,
            "max": 1691.5736319761118
        },
        "smoothness": {
            "mean": 1.599779666788898,
            "std": 0.5658196251145562,
            "min": 0.05827758447562722,
            "max": 4.437666632865135
        },
        "obstacle_clearance": {
            "mean": 28.545572505277747,
            "std": 3.1462509102017915,
            "min": 16.2265625,
            "max": 34.85708999633789
        },
        "obstacle_clearance_min": 11.0,
        "disturbance": 0.9191875609249405
    },
    "RRT": {
        "numberOfGeneratedNodes": 300,
        "testGoalAfterNumberOfNodes": 10,
        "success_rate": 0.9696969696969697,
        "planning_time": {
            "mean": 0.05302735943814893,
            "std": 0.07909283107588332,
            "min": 0.0060389041900634766,
            "max": 0.41468143463134766
        },
        "path_length": {
            "mean": 297.78562200411415,
            "std": 163.05237727760962,
            "min": 2.8284271247461903,
            "max": 711.0220195662254
        },
        "num_turns": {
            "mean": 4.232142857142857,
            "std": 2.6202581077100797,
            "min": 0,
            "max": 14
        },
        "cumulative_turning_angle": {
            "mean": 210.17842123009788,
            "std": 139.51346972062018,
            "min": 0.0,
            "max": 920.2565130531997
        },
        "smoothness": {
            "mean": 0.8252338562106878,
            "std": 0.6241361972237562,
            "min": 0.0,
            "max": 4.939668163720074
        },
        "obstacle_clearance": {
            "mean": 29.68654524428504,
            "std": 4.5058345746306125,
            "min": 16.991214752197266,
            "max": 39.896305084228516
        },
        "obstacle_clearance_min": 11.0,
        "disturbance": 0.8856289051888074
    }
}